Series Name,"Series Code","Country Name","Country Code","Time","Time Code","Value"
"Population, total","SP.POP.TOTL","Norway","NOR","2010","YR2010","4889252"
"Population, total","SP.POP.TOTL","Norway","NOR","2011","YR2011","4953088"
"Population, total","SP.POP.TOTL","Norway","NOR","2012","YR2012","5018573"
"Population, total","SP.POP.TOTL","Norway","NOR","2013","YR2013","5079623"
"Population, total","SP.POP.TOTL","Norway","NOR","2014","YR2014","5137232"
"Population, total","SP.POP.TOTL","Norway","NOR","2015","YR2015","5188607"
"Population, total","SP.POP.TOTL","Norway","NOR","2016","YR2016","5234519"
"Population, total","SP.POP.TOTL","Norway","NOR","2017","YR2017","5276968"
"Population, total","SP.POP.TOTL","Norway","NOR","2018","YR2018","5311916"
"Population, total","SP.POP.TOTL","Norway","NOR","2019","YR2019","5347896"
"Population, total","SP.POP.TOTL","Canada","CAN","2010","YR2010","34005902"
"Population, total","SP.POP.TOTL","Canada","CAN","2011","YR2011","34339221"
"Population, total","SP.POP.TOTL","Canada","CAN","2012","YR2012","34713395"
"Population, total","SP.POP.TOTL","Canada","CAN","2013","YR2013","35080992"
"Population, total","SP.POP.TOTL","Canada","CAN","2014","YR2014","35434066"
"Population, total","SP.POP.TOTL","Canada","CAN","2015","YR2015","35704498"
"Population, total","SP.POP.TOTL","Canada","CAN","2016","YR2016","36110803"
"Population, total","SP.POP.TOTL","Canada","CAN","2017","YR2017","36545075"
"Population, total","SP.POP.TOTL","Canada","CAN","2018","YR2018","37072620"
"Population, total","SP.POP.TOTL","Canada","CAN","2019","YR2019","37618495"
"Population, total","SP.POP.TOTL","Singapore","SGP","2010","YR2010","5076732"
"Population, total","SP.POP.TOTL","Singapore","SGP","2011","YR2011","5183688"
"Population, total","SP.POP.TOTL","Singapore","SGP","2012","YR2012","5312437"
"Population, total","SP.POP.TOTL","Singapore","SGP","2013","YR2013","5399162"
"Population, total","SP.POP.TOTL","Singapore","SGP","2014","YR2014","5469724"
"Population, total","SP.POP.TOTL","Singapore","SGP","2015","YR2015","5535002"
"Population, total","SP.POP.TOTL","Singapore","SGP","2016","YR2016","5607283"
"Population, total","SP.POP.TOTL","Singapore","SGP","2017","YR2017","5612253"
"Population, total","SP.POP.TOTL","Singapore","SGP","2018","YR2018","5638676"
"Population, total","SP.POP.TOTL","Singapore","SGP","2019","YR2019","5703569"
"Population, total","SP.POP.TOTL","Kenya","KEN","2010","YR2010","41598567"
"Population, total","SP.POP.TOTL","Kenya","KEN","2011","YR2011","42758461"
"Population, total","SP.POP.TOTL","Kenya","KEN","2012","YR2012","43888303"
"Population, total","SP.POP.TOTL","Kenya","KEN","2013","YR2013","44986791"
"Population, total","SP.POP.TOTL","Kenya","KEN","2014","YR2014","46051440"
"Population, total","SP.POP.TOTL","Kenya","KEN","2015","YR2015","47088526"
"Population, total","SP.POP.TOTL","Kenya","KEN","2016","YR2016","48139687"
"Population, total","SP.POP.TOTL","Kenya","KEN","2017","YR2017","49197766"
"Population, total","SP.POP.TOTL","Kenya","KEN","2018","YR2018","50207107"
"Population, total","SP.POP.TOTL","Kenya","KEN","2019","YR2019","51202827"
"Population, total","SP.POP.TOTL","Finland","FIN","2010","YR2010","5363352"
"Population, total","SP.POP.TOTL","Finland","FIN","2011","YR2011","5388272"
"Population, total","SP.POP.TOTL","Finland","FIN","2012","YR2012","5413971"
"Population, total","SP.POP.TOTL","Finland","FIN","2013","YR2013","5438972"
"Population, total","SP.POP.TOTL","Finland","FIN","2014","YR2014","5461512"
"Population, total","SP.POP.TOTL","Finland","FIN","2015","YR2015","5479531"
"Population, total","SP.POP.TOTL","Finland","FIN","2016","YR2016","5495303"
"Population, total","SP.POP.TOTL","Finland","FIN","2017","YR2017","5508214"
"Population, total","SP.POP.TOTL","Finland","FIN","2018","YR2018","5515525"
"Population, total","SP.POP.TOTL","Finland","FIN","2019","YR2019","5521606"
"Population, total","SP.POP.TOTL","Italy","ITA","2010","YR2010","59277417"
"Population, total","SP.POP.TOTL","Italy","ITA","2011","YR2011","59379449"
"Population, total","SP.POP.TOTL","Italy","ITA","2012","YR2012","59539717"
"Population, total","SP.POP.TOTL","Italy","ITA","2013","YR2013","60233948"
"Population, total","SP.POP.TOTL","Italy","ITA","2014","YR2014","60789140"
"Population, total","SP.POP.TOTL","Italy","ITA","2015","YR2015","60730582"
"Population, total","SP.POP.TOTL","Italy","ITA","2016","YR2016","60627498"
"Population, total","SP.POP.TOTL","Italy","ITA","2017","YR2017","60536709"
"Population, total","SP.POP.TOTL","Italy","ITA","2018","YR2018","60421760"
"Population, total","SP.POP.TOTL","Italy","ITA","2019","YR2019","59729081"
Population ages 0-14 (% of total population),"SP.POP.0014.TO.ZS","Norway","NOR","2010","YR2010","18.8113525385332"
Population ages 0-14 (% of total population),"SP.POP.0014.TO.ZS","Norway","NOR","2011","YR2011","18.6280832018297"
Population ages 0-14 (% of total population),"SP.POP.0014.TO.ZS","Norway","NOR","2012","YR2012","18.4415330806328"
Population ages 0-14 (% of total population),"SP.POP.0014.TO.ZS","Norway","NOR","2013","YR2013","18.2891679131092"
Population ages 0-14 (% of total population),"SP.POP.0014.TO.ZS","Norway","NOR","2014","YR2014","18.1340056585098"
Population ages 0-14 (% of total population),"SP.POP.0014.TO.ZS","Norway","NOR","2015","YR2015","17.9809282529036"
Population ages 0-14 (% of total population),"SP.POP.0014.TO.ZS","Norway","NOR","2016","YR2016","17.8728998929141"
Population ages 0-14 (% of total population),"SP.POP.0014.TO.ZS","Norway","NOR","2017","YR2017","17.7817532492452"
Population ages 0-14 (% of total population),"SP.POP.0014.TO.ZS","Norway","NOR","2018","YR2018","17.6387642308259"
Population ages 0-14 (% of total population),"SP.POP.0014.TO.ZS","Norway","NOR","2019","YR2019","17.4376307856202"
Population ages 0-14 (% of total population),"SP.POP.0014.TO.ZS","Canada","CAN","2010","YR2010","16.5629523390842"
Population ages 0-14 (% of total population),"SP.POP.0014.TO.ZS","Canada","CAN","2011","YR2011","16.4219828983574"
Population ages 0-14 (% of total population),"SP.POP.0014.TO.ZS","Canada","CAN","2012","YR2012","16.327506299947"
Population ages 0-14 (% of total population),"SP.POP.0014.TO.ZS","Canada","CAN","2013","YR2013","16.2714380359575"
Population ages 0-14 (% of total population),"SP.POP.0014.TO.ZS","Canada","CAN","2014","YR2014","16.2409277800845"
Population ages 0-14 (% of total population),"SP.POP.0014.TO.ZS","Canada","CAN","2015","YR2015","16.2326789820677"
Population ages 0-14 (% of total population),"SP.POP.0014.TO.ZS","Canada","CAN","2016","YR2016","16.2216897081515"
Population ages 0-14 (% of total population),"SP.POP.0014.TO.ZS","Canada","CAN","2017","YR2017","16.1718572232365"
Population ages 0-14 (% of total population),"SP.POP.0014.TO.ZS","Canada","CAN","2018","YR2018","16.0849877885792"
Population ages 0-14 (% of total population),"SP.POP.0014.TO.ZS","Canada","CAN","2019","YR2019","15.9834514706633"
Population ages 0-14 (% of total population),"SP.POP.0014.TO.ZS","Singapore","SGP","2010","YR2010","14.133474912616"
Population ages 0-14 (% of total population),"SP.POP.0014.TO.ZS","Singapore","SGP","2011","YR2011","13.7463459327136"
Population ages 0-14 (% of total population),"SP.POP.0014.TO.ZS","Singapore","SGP","2012","YR2012","13.4010013905211"
Population ages 0-14 (% of total population),"SP.POP.0014.TO.ZS","Singapore","SGP","2013","YR2013","13.1066177818821"
Population ages 0-14 (% of total population),"SP.POP.0014.TO.ZS","Singapore","SGP","2014","YR2014","12.8770131369208"
Population ages 0-14 (% of total population),"SP.POP.0014.TO.ZS","Singapore","SGP","2015","YR2015","12.6825690982427"
Population ages 0-14 (% of total population),"SP.POP.0014.TO.ZS","Singapore","SGP","2016","YR2016","12.5211872971862"
Population ages 0-14 (% of total population),"SP.POP.0014.TO.ZS","Singapore","SGP","2017","YR2017","12.4248348769561"
Population ages 0-14 (% of total population),"SP.POP.0014.TO.ZS","Singapore","SGP","2018","YR2018","12.3293830835908"
Population ages 0-14 (% of total population),"SP.POP.0014.TO.ZS","Singapore","SGP","2019","YR2019","12.2130675867847"
Population ages 0-14 (% of total population),"SP.POP.0014.TO.ZS","Kenya","KEN","2010","YR2010","43.6258242216111"
Population ages 0-14 (% of total population),"SP.POP.0014.TO.ZS","Kenya","KEN","2011","YR2011","43.4305177634901"
Population ages 0-14 (% of total population),"SP.POP.0014.TO.ZS","Kenya","KEN","2012","YR2012","43.1708649113182"
Population ages 0-14 (% of total population),"SP.POP.0014.TO.ZS","Kenya","KEN","2013","YR2013","42.8390273807152"
Population ages 0-14 (% of total population),"SP.POP.0014.TO.ZS","Kenya","KEN","2014","YR2014","42.4434095606629"
Population ages 0-14 (% of total population),"SP.POP.0014.TO.ZS","Kenya","KEN","2015","YR2015","41.9989362164362"
Population ages 0-14 (% of total population),"SP.POP.0014.TO.ZS","Kenya","KEN","2016","YR2016","41.5236216637636"
Population ages 0-14 (% of total population),"SP.POP.0014.TO.ZS","Kenya","KEN","2017","YR2017","41.0136025385137"
Population ages 0-14 (% of total population),"SP.POP.0014.TO.ZS","Kenya","KEN","2018","YR2018","40.4529458304285"
Population ages 0-14 (% of total population),"SP.POP.0014.TO.ZS","Kenya","KEN","2019","YR2019","39.868889076487"
Population ages 0-14 (% of total population),"SP.POP.0014.TO.ZS","Finland","FIN","2010","YR2010","16.5570849788765"
Population ages 0-14 (% of total population),"SP.POP.0014.TO.ZS","Finland","FIN","2011","YR2011","16.4866697684829"
Population ages 0-14 (% of total population),"SP.POP.0014.TO.ZS","Finland","FIN","2012","YR2012","16.4425320672634"
Population ages 0-14 (% of total population),"SP.POP.0014.TO.ZS","Finland","FIN","2013","YR2013","16.4222521825031"
Population ages 0-14 (% of total population),"SP.POP.0014.TO.ZS","Finland","FIN","2014","YR2014","16.401937570903"
Population ages 0-14 (% of total population),"SP.POP.0014.TO.ZS","Finland","FIN","2015","YR2015","16.3570111050433"
Population ages 0-14 (% of total population),"SP.POP.0014.TO.ZS","Finland","FIN","2016","YR2016","16.2879910704619"
Population ages 0-14 (% of total population),"SP.POP.0014.TO.ZS","Finland","FIN","2017","YR2017","16.198971533637"
Population ages 0-14 (% of total population),"SP.POP.0014.TO.ZS","Finland","FIN","2018","YR2018","16.069177706368"
Population ages 0-14 (% of total population),"SP.POP.0014.TO.ZS","Finland","FIN","2019","YR2019","15.876109406441"
Population ages 0-14 (% of total population),"SP.POP.0014.TO.ZS","Italy","ITA","2010","YR2010","14.0360499687746"
Population ages 0-14 (% of total population),"SP.POP.0014.TO.ZS","Italy","ITA","2011","YR2011","14.0068552515581"
Population ages 0-14 (% of total population),"SP.POP.0014.TO.ZS","Italy","ITA","2012","YR2012","13.9714989786725"
Population ages 0-14 (% of total population),"SP.POP.0014.TO.ZS","Italy","ITA","2013","YR2013","13.9177429383585"
Population ages 0-14 (% of total population),"SP.POP.0014.TO.ZS","Italy","ITA","2014","YR2014","13.8275522315507"
Population ages 0-14 (% of total population),"SP.POP.0014.TO.ZS","Italy","ITA","2015","YR2015","13.7068661763151"
Population ages 0-14 (% of total population),"SP.POP.0014.TO.ZS","Italy","ITA","2016","YR2016","13.5548619804282"
Population ages 0-14 (% of total population),"SP.POP.0014.TO.ZS","Italy","ITA","2017","YR2017","13.3921351432526"
Population ages 0-14 (% of total population),"SP.POP.0014.TO.ZS","Italy","ITA","2018","YR2018","13.2174935892537"
Population ages 0-14 (% of total population),"SP.POP.0014.TO.ZS","Italy","ITA","2019","YR2019","13.0238937094704"
,"","","","","",""
,"","","","","",""
,"","","","","",""
Data from database: World Development Indicators,"","","","","",""
Last Updated: 01/28/2025,"","","","","",""
